image_width,image_height,filter_size,filter_type,version,device_name,block_width,block_height,repeat_count,estimated_operations,cpu_time_ms,cpu_min_time_ms,cpu_max_time_ms,cpu_stddev_time_ms,gpu_kernel_time_ms,gpu_kernel_min_time_ms,gpu_kernel_max_time_ms,gpu_kernel_stddev_time_ms,gpu_total_time_ms,gpu_total_min_time_ms,gpu_total_max_time_ms,gpu_total_stddev_time_ms,gpu_allocation_time_ms,gpu_host_to_device_time_ms,gpu_device_to_host_time_ms,gpu_free_time_ms,kernel_speedup,total_speedup,cpu_gflops,gpu_kernel_gflops,max_abs_error,mean_abs_error,passed
4096,4096,3,box,cuda_naive_global_memory,"NVIDIA GeForce GTX 1650 with Max-Q Design",8,8,3,301989888,229.798733,227.555000,233.597800,2.701007,4.395093,4.364288,4.440352,0.032692,52.539793,52.508988,52.585052,0.032692,0.722100,22.065300,24.801700,0.555600,52.285291,4.373804,1.314149,68.710689,0.000000,0.000000,true
4096,4096,3,box,cuda_shared_memory_tiled,"NVIDIA GeForce GTX 1650 with Max-Q Design",8,8,3,301989888,229.798733,227.555000,233.597800,2.701007,4.276747,4.224992,4.347904,0.052021,63.328047,63.276292,63.399204,0.052021,1.596700,25.787100,27.332300,4.335200,53.732137,3.628704,1.314149,70.612060,0.000000,0.000000,true
4096,4096,3,box,cuda_shared_constant_filter,"NVIDIA GeForce GTX 1650 with Max-Q Design",8,8,3,301989888,229.798733,227.555000,233.597800,2.701007,3.416085,3.387808,3.470688,0.038618,60.085985,60.057708,60.140588,0.038618,1.266100,26.139200,26.989100,2.275500,67.269610,3.824498,1.314149,88.402324,0.000000,0.000000,true
4096,4096,3,box,cuda_separable,"NVIDIA GeForce GTX 1650 with Max-Q Design",8,8,3,201326592,229.798733,227.555000,233.597800,2.701007,4.173930,4.169728,4.176448,0.002991,58.840230,58.836028,58.842748,0.002991,0.474600,25.859500,25.389500,2.942700,55.055716,3.905470,0.876100,48.234294,0.000000,0.000000,true
4096,4096,3,box,cuda_naive_global_memory,"NVIDIA GeForce GTX 1650 with Max-Q Design",16,16,3,301989888,229.798733,227.555000,233.597800,2.701007,3.243819,3.226048,3.256320,0.012908,55.453719,55.435948,55.466220,0.012908,0.355000,23.929000,26.054700,1.871200,70.842040,4.143973,1.314149,93.097031,0.000000,0.000000,true
4096,4096,3,box,cuda_shared_memory_tiled,"NVIDIA GeForce GTX 1650 with Max-Q Design",16,16,3,301989888,229.798733,227.555000,233.597800,2.701007,3.903595,3.856960,3.989248,0.060646,51.841295,51.794660,51.926948,0.060646,0.403400,21.863500,24.124800,1.546000,58.868492,4.432735,1.314149,77.361998,0.000000,0.000000,true
4096,4096,3,box,cuda_shared_constant_filter,"NVIDIA GeForce GTX 1650 with Max-Q Design",16,16,3,301989888,229.798733,227.555000,233.597800,2.701007,3.422496,3.405280,3.440000,0.014176,56.852096,56.834880,56.869600,0.014176,1.392900,24.602500,25.178900,2.255300,67.143607,4.042045,1.314149,88.236737,0.000000,0.000000,true
4096,4096,3,box,cuda_separable,"NVIDIA GeForce GTX 1650 with Max-Q Design",16,16,3,201326592,229.798733,227.555000,233.597800,2.701007,3.961653,3.938816,3.973120,0.016148,56.966853,56.944016,56.978320,0.016148,0.435900,25.467200,25.440800,1.661300,58.005766,4.033903,0.876100,50.818831,0.000000,0.000000,true
4096,4096,3,box,cuda_naive_global_memory,"NVIDIA GeForce GTX 1650 with Max-Q Design",32,8,3,301989888,229.798733,227.555000,233.597800,2.701007,3.245035,3.241600,3.248448,0.002796,57.654335,57.650900,57.657748,0.002796,1.156200,25.033700,25.553000,2.666400,70.815495,3.985801,1.314149,93.062147,0.000000,0.000000,true
4096,4096,3,box,cuda_shared_memory_tiled,"NVIDIA GeForce GTX 1650 with Max-Q Design",32,8,3,301989888,229.798733,227.555000,233.597800,2.701007,3.668544,3.657568,3.686624,0.012882,56.619544,56.608568,56.637624,0.012882,0.679800,24.790500,25.791200,1.689500,62.640310,4.058647,1.314149,82.318732,0.000000,0.000000,true
4096,4096,3,box,cuda_shared_constant_filter,"NVIDIA GeForce GTX 1650 with Max-Q Design",32,8,3,301989888,229.798733,227.555000,233.597800,2.701007,2.978240,2.962016,3.006080,0.019775,61.321640,61.305416,61.349480,0.019775,2.153400,27.170400,27.879200,1.140400,77.159239,3.747433,1.314149,101.398775,0.000000,0.000000,true
4096,4096,3,box,cuda_separable,"NVIDIA GeForce GTX 1650 with Max-Q Design",32,8,3,201326592,229.798733,227.555000,233.597800,2.701007,3.447701,3.422912,3.495936,0.034111,59.511301,59.486512,59.559536,0.034111,1.322300,26.547100,26.194000,2.000200,66.652739,3.861430,0.876100,58.394442,0.000000,0.000000,true
4096,4096,3,box,cuda_naive_global_memory,"NVIDIA GeForce GTX 1650 with Max-Q Design",32,16,3,301989888,229.798733,227.555000,233.597800,2.701007,3.283307,3.247680,3.352576,0.048988,53.868907,53.833280,53.938176,0.048988,0.351700,22.857000,25.271700,2.105200,69.990030,4.265888,1.314149,91.977362,0.000000,0.000000,true
4096,4096,3,box,cuda_shared_memory_tiled,"NVIDIA GeForce GTX 1650 with Max-Q Design",32,16,3,301989888,229.798733,227.555000,233.597800,2.701007,3.395125,3.383040,3.416832,0.015382,54.645825,54.633740,54.667532,0.015382,1.152700,24.097200,23.624500,2.376300,67.684905,4.205239,1.314149,88.948083,0.000000,0.000000,true
4096,4096,3,box,cuda_shared_constant_filter,"NVIDIA GeForce GTX 1650 with Max-Q Design",32,16,3,301989888,229.798733,227.555000,233.597800,2.701007,3.083968,3.080288,3.088512,0.003413,52.540268,52.536588,52.544812,0.003413,0.329800,22.670800,24.547000,1.908700,74.513983,4.373764,1.314149,97.922513,0.000000,0.000000,true
4096,4096,3,box,cuda_separable,"NVIDIA GeForce GTX 1650 with Max-Q Design",32,16,3,201326592,229.798733,227.555000,233.597800,2.701007,3.378827,3.368288,3.399328,0.014499,59.259727,59.249188,59.280228,0.014499,0.884800,23.940700,28.847200,2.208200,68.011400,3.877823,0.876100,59.584764,0.000000,0.000000,true
4096,4096,3,gaussian,cuda_naive_global_memory,"NVIDIA GeForce GTX 1650 with Max-Q Design",8,8,3,301989888,233.960833,228.369800,239.505800,4.546370,3.117952,3.112832,3.122560,0.003988,59.716952,59.711832,59.721560,0.003988,1.452600,23.333100,25.140400,6.672900,75.036701,3.917829,1.290771,96.855207,0.000000,0.000000,true
4096,4096,3,gaussian,cuda_shared_memory_tiled,"NVIDIA GeForce GTX 1650 with Max-Q Design",8,8,3,301989888,233.960833,228.369800,239.505800,4.546370,2.870645,2.862016,2.883328,0.009161,53.152445,53.143816,53.165128,0.009161,1.000100,21.641700,26.109800,1.530200,81.501130,4.401695,1.290771,105.199305,0.000000,0.000000,true
4096,4096,3,gaussian,cuda_shared_constant_filter,"NVIDIA GeForce GTX 1650 with Max-Q Design",8,8,3,301989888,233.960833,228.369800,239.505800,4.546370,2.675296,2.662400,2.688800,0.010786,54.006996,53.994100,54.020500,0.010786,2.110600,21.784700,26.437600,0.998800,87.452315,4.332047,1.290771,112.880922,0.000000,0.000000,true
4096,4096,3,gaussian,cuda_separable,"NVIDIA GeForce GTX 1650 with Max-Q Design",8,8,3,201326592,233.960833,228.369800,239.505800,4.546370,3.421877,3.415616,3.430080,0.006062,57.242877,57.236616,57.251080,0.006062,1.218000,23.720700,27.284100,1.598200,68.372070,4.087161,0.860514,58.835129,0.000000,0.000000,true
4096,4096,3,gaussian,cuda_naive_global_memory,"NVIDIA GeForce GTX 1650 with Max-Q Design",16,16,3,301989888,233.960833,228.369800,239.505800,4.546370,3.234667,3.177664,3.331456,0.068800,51.772267,51.715264,51.869056,0.068800,0.773900,22.775800,23.905000,1.082900,72.329194,4.519038,1.290771,93.360435,0.000000,0.000000,true
4096,4096,3,gaussian,cuda_shared_memory_tiled,"NVIDIA GeForce GTX 1650 with Max-Q Design",16,16,3,301989888,233.960833,228.369800,239.505800,4.546370,3.824235,3.785664,3.877888,0.039132,56.433035,56.394464,56.486688,0.039132,1.496900,24.312700,25.595100,1.204100,61.178472,4.145813,1.290771,78.967406,0.000000,0.000000,true
4096,4096,3,gaussian,cuda_shared_constant_filter,"NVIDIA GeForce GTX 1650 with Max-Q Design",16,16,3,301989888,233.960833,228.369800,239.505800,4.546370,2.935371,2.891552,3.008512,0.052056,51.487571,51.443752,51.560712,0.052056,0.728700,21.782400,24.296700,1.744400,79.704016,4.544025,1.290771,102.879643,0.000000,0.000000,true
4096,4096,3,gaussian,cuda_separable,"NVIDIA GeForce GTX 1650 with Max-Q Design",16,16,3,201326592,233.960833,228.369800,239.505800,4.546370,3.410720,3.352576,3.483680,0.054539,58.138620,58.080476,58.211580,0.054539,1.857800,25.267500,25.009500,2.593100,68.595731,4.024190,0.860514,59.027592,0.000000,0.000000,true
4096,4096,3,gaussian,cuda_naive_global_memory,"NVIDIA GeForce GTX 1650 with Max-Q Design",32,8,3,301989888,233.960833,228.369800,239.505800,4.546370,2.782699,2.775040,2.795872,0.009356,52.986099,52.978440,52.999272,0.009356,0.503300,24.486700,24.093600,1.119800,84.076957,4.415513,1.290771,108.524108,0.000000,0.000000,true
4096,4096,3,gaussian,cuda_shared_memory_tiled,"NVIDIA GeForce GTX 1650 with Max-Q Design",32,8,3,301989888,233.960833,228.369800,239.505800,4.546370,3.108533,3.105248,3.111776,0.002665,53.746633,53.743348,53.749876,0.002665,0.571400,23.823900,24.459400,1.783400,75.264057,4.353032,1.290771,97.148671,0.000000,0.000000,true
4096,4096,3,gaussian,cuda_shared_constant_filter,"NVIDIA GeForce GTX 1650 with Max-Q Design",32,8,3,301989888,233.960833,228.369800,239.505800,4.546370,2.870741,2.834240,2.896288,0.026489,55.247341,55.210840,55.272888,0.026489,0.346700,22.659100,27.146600,2.224200,81.498404,4.234789,1.290771,105.195787,0.000000,0.000000,true
4096,4096,3,gaussian,cuda_separable,"NVIDIA GeForce GTX 1650 with Max-Q Design",32,8,3,201326592,233.960833,228.369800,239.505800,4.546370,3.288725,3.276800,3.295872,0.008488,56.920425,56.908500,56.927572,0.008488,0.424500,25.229800,26.218400,1.759000,71.140278,4.110314,0.860514,61.217211,0.000000,0.000000,true
4096,4096,3,gaussian,cuda_naive_global_memory,"NVIDIA GeForce GTX 1650 with Max-Q Design",32,16,3,301989888,233.960833,228.369800,239.505800,4.546370,3.126485,3.108864,3.156512,0.021339,55.373585,55.355964,55.403612,0.021339,0.442300,22.943500,27.742700,1.118600,74.831898,4.225134,1.290771,96.590853,0.000000,0.000000,true
4096,4096,3,gaussian,cuda_shared_memory_tiled,"NVIDIA GeForce GTX 1650 with Max-Q Design",32,16,3,301989888,233.960833,228.369800,239.505800,4.546370,2.970485,2.966368,2.977536,0.005009,57.322785,57.318668,57.329836,0.005009,0.760700,24.622300,27.928700,1.040600,78.761822,4.081463,1.290771,101.663485,0.000000,0.000000,true
4096,4096,3,gaussian,cuda_shared_constant_filter,"NVIDIA GeForce GTX 1650 with Max-Q Design",32,16,3,301989888,233.960833,228.369800,239.505800,4.546370,2.734667,2.719744,2.751808,0.013184,55.693667,55.678744,55.710808,0.013184,0.514300,24.940100,25.879000,1.625600,85.553693,4.200852,1.290771,110.430237,0.000000,0.000000,true
4096,4096,3,gaussian,cuda_separable,"NVIDIA GeForce GTX 1650 with Max-Q Design",32,16,3,201326592,233.960833,228.369800,239.505800,4.546370,3.294304,3.266560,3.335456,0.029682,53.239004,53.211260,53.280156,0.029682,0.948700,21.828200,24.889400,2.278400,71.019807,4.394538,0.860514,61.113544,0.000000,0.000000,true
4096,4096,3,sharpen,cuda_naive_global_memory,"NVIDIA GeForce GTX 1650 with Max-Q Design",8,8,3,301989888,240.795500,230.654600,259.877100,13.501622,3.057589,3.033536,3.073536,0.017307,54.321889,54.297836,54.337836,0.017307,0.343200,22.985900,26.163900,1.771300,78.753383,4.432753,1.254134,98.767316,0.000001,0.000000,true
4096,4096,3,sharpen,cuda_shared_memory_tiled,"NVIDIA GeForce GTX 1650 with Max-Q Design",8,8,3,301989888,240.795500,230.654600,259.877100,13.501622,2.825952,2.817984,2.838528,0.008998,56.875252,56.867284,56.887828,0.008998,1.936900,22.966400,27.182800,1.963200,85.208631,4.233748,1.254134,106.863064,0.000001,0.000000,true
4096,4096,3,sharpen,cuda_shared_constant_filter,"NVIDIA GeForce GTX 1650 with Max-Q Design",8,8,3,301989888,240.795500,230.654600,259.877100,13.501622,2.589248,2.576384,2.612608,0.016546,57.559048,57.546184,57.582408,0.016546,0.819800,24.992500,27.242000,1.915500,92.998237,4.183452,1.254134,116.632275,0.000001,0.000000,true
4096,4096,3,sharpen,cuda_naive_global_memory,"NVIDIA GeForce GTX 1650 with Max-Q Design",16,16,3,301989888,240.795500,230.654600,259.877100,13.501622,2.565877,2.544864,2.584576,0.016295,50.955977,50.934964,50.974676,0.016295,1.236800,20.437700,24.843200,1.872400,93.845291,4.725559,1.254134,117.694595,0.000001,0.000000,true
4096,4096,3,sharpen,cuda_shared_memory_tiled,"NVIDIA GeForce GTX 1650 with Max-Q Design",16,16,3,301989888,240.795500,230.654600,259.877100,13.501622,2.890891,2.869472,2.930144,0.027795,53.770491,53.749072,53.809744,0.027795,0.805500,21.607600,25.919900,2.546600,83.294571,4.478209,1.254134,104.462576,0.000001,0.000000,true
4096,4096,3,sharpen,cuda_shared_constant_filter,"NVIDIA GeForce GTX 1650 with Max-Q Design",16,16,3,301989888,240.795500,230.654600,259.877100,13.501622,2.576949,2.557280,2.609120,0.022935,53.272349,53.252680,53.304520,0.022935,1.232000,19.941800,28.422300,1.099300,93.442077,4.520084,1.254134,117.188911,0.000001,0.000000,true
4096,4096,3,sharpen,cuda_naive_global_memory,"NVIDIA GeForce GTX 1650 with Max-Q Design",32,8,3,301989888,240.795500,230.654600,259.877100,13.501622,2.495637,2.476704,2.517088,0.016583,50.450537,50.431604,50.471988,0.016583,0.975900,19.871900,25.095700,2.011400,96.486578,4.772903,1.254134,121.007124,0.000001,0.000000,true
4096,4096,3,sharpen,cuda_shared_memory_tiled,"NVIDIA GeForce GTX 1650 with Max-Q Design",32,8,3,301989888,240.795500,230.654600,259.877100,13.501622,2.753472,2.732000,2.766112,0.015262,52.727572,52.706100,52.740212,0.015262,0.336800,23.014400,25.013600,1.609300,87.451586,4.566785,1.254134,109.676030,0.000001,0.000000,true
4096,4096,3,sharpen,cuda_shared_constant_filter,"NVIDIA GeForce GTX 1650 with Max-Q Design",32,8,3,301989888,240.795500,230.654600,259.877100,13.501622,2.505557,2.484480,2.531424,0.019462,50.895557,50.874480,50.921424,0.019462,0.327700,22.834900,24.027700,1.199700,96.104567,4.731169,1.254134,120.528031,0.000001,0.000000,true
4096,4096,3,sharpen,cuda_naive_global_memory,"NVIDIA GeForce GTX 1650 with Max-Q Design",32,16,3,301989888,240.795500,230.654600,259.877100,13.501622,2.797707,2.777376,2.816000,0.015834,52.139307,52.118976,52.157600,0.015834,0.453100,23.464100,24.183700,1.240700,86.068889,4.618310,1.254134,107.941943,0.000001,0.000000,true
4096,4096,3,sharpen,cuda_shared_memory_tiled,"NVIDIA GeForce GTX 1650 with Max-Q Design",32,16,3,301989888,240.795500,230.654600,259.877100,13.501622,2.860000,2.852864,2.874240,0.010069,56.986600,56.979464,57.000840,0.010069,0.345500,24.910000,25.415800,3.455300,84.194232,4.225476,1.254134,105.590871,0.000001,0.000000,true
4096,4096,3,sharpen,cuda_shared_constant_filter,"NVIDIA GeForce GTX 1650 with Max-Q Design",32,16,3,301989888,240.795500,230.654600,259.877100,13.501622,2.637653,2.586080,2.735680,0.069347,52.048753,51.997180,52.146780,0.069347,1.164400,20.905100,25.178800,2.162800,91.291561,4.626345,1.254134,114.491875,0.000001,0.000000,true
4096,4096,3,sobel,cuda_naive_global_memory,"NVIDIA GeForce GTX 1650 with Max-Q Design",8,8,3,301989888,223.121300,215.775800,229.348900,5.597293,2.929941,2.916032,2.953248,0.016583,54.279841,54.265932,54.303148,0.016583,1.035200,22.471800,26.581600,1.261300,76.152139,4.110574,1.353479,103.070285,0.000000,0.000000,true
4096,4096,3,sobel,cuda_shared_memory_tiled,"NVIDIA GeForce GTX 1650 with Max-Q Design",8,8,3,301989888,223.121300,215.775800,229.348900,5.597293,2.689365,2.679904,2.701312,0.008915,56.814965,56.805504,56.826912,0.008915,0.397400,24.975100,26.458900,2.294200,82.964294,3.927157,1.353479,112.290390,0.000000,0.000000,true
4096,4096,3,sobel,cuda_shared_constant_filter,"NVIDIA GeForce GTX 1650 with Max-Q Design",8,8,3,301989888,223.121300,215.775800,229.348900,5.597293,2.490240,2.482272,2.502592,0.008856,56.148040,56.140072,56.160392,0.008856,1.065200,24.078400,27.286300,1.227900,89.598311,3.973804,1.353479,121.269390,0.000000,0.000000,true
4096,4096,3,sobel,cuda_naive_global_memory,"NVIDIA GeForce GTX 1650 with Max-Q Design",16,16,3,301989888,223.121300,215.775800,229.348900,5.597293,2.471669,2.459648,2.483424,0.009708,59.515269,59.503248,59.527024,0.009708,1.484200,24.741200,28.358200,2.460000,90.271503,3.748976,1.353479,122.180540,0.000000,0.000000,true
4096,4096,3,sobel,cuda_shared_memory_tiled,"NVIDIA GeForce GTX 1650 with Max-Q Design",16,16,3,301989888,223.121300,215.775800,229.348900,5.597293,2.872683,2.850784,2.895104,0.018097,55.110583,55.088684,55.133004,0.018097,0.519900,24.213300,26.147300,1.357400,77.670013,4.048611,1.353479,105.124695,0.000000,0.000000,true
4096,4096,3,sobel,cuda_shared_constant_filter,"NVIDIA GeForce GTX 1650 with Max-Q Design",16,16,3,301989888,223.121300,215.775800,229.348900,5.597293,2.590059,2.576000,2.597632,0.009951,54.752259,54.738200,54.759832,0.009951,0.979400,22.460400,27.262300,1.460100,86.145270,4.075107,1.353479,116.595772,0.000000,0.000000,true
4096,4096,3,sobel,cuda_naive_global_memory,"NVIDIA GeForce GTX 1650 with Max-Q Design",32,8,3,301989888,223.121300,215.775800,229.348900,5.597293,2.477141,2.456576,2.506624,0.021383,52.460341,52.439776,52.489824,0.021383,0.335800,23.444400,24.409900,1.793100,90.072089,4.253142,1.353479,121.910639,0.000000,0.000000,true
4096,4096,3,sobel,cuda_shared_memory_tiled,"NVIDIA GeForce GTX 1650 with Max-Q Design",32,8,3,301989888,223.121300,215.775800,229.348900,5.597293,2.754912,2.738528,2.772000,0.013674,54.395112,54.378728,54.412200,0.013674,0.332800,23.835600,25.541100,1.930700,80.990353,4.101863,1.353479,109.618703,0.000000,0.000000,true
4096,4096,3,sobel,cuda_shared_constant_filter,"NVIDIA GeForce GTX 1650 with Max-Q Design",32,8,3,301989888,223.121300,215.775800,229.348900,5.597293,2.502037,2.498560,2.506752,0.003457,55.646037,55.642560,55.650752,0.003457,0.982900,22.638900,28.203000,1.319200,89.175849,4.009653,1.353479,120.697597,0.000000,0.000000,true
4096,4096,3,sobel,cuda_naive_global_memory,"NVIDIA GeForce GTX 1650 with Max-Q Design",32,16,3,301989888,223.121300,215.775800,229.348900,5.597293,2.809760,2.784992,2.834432,0.020184,53.379160,53.354392,53.403832,0.020184,0.382700,23.235400,25.222200,1.729100,79.409382,4.179933,1.353479,107.478893,0.000000,0.000000,true
4096,4096,3,sobel,cuda_shared_memory_tiled,"NVIDIA GeForce GTX 1650 with Max-Q Design",32,16,3,301989888,223.121300,215.775800,229.348900,5.597293,2.921877,2.855072,3.020864,0.071407,54.558677,54.491872,54.657664,0.071407,1.139000,19.998700,29.471600,1.027500,76.362310,4.089566,1.353479,103.354746,0.000000,0.000000,true
4096,4096,3,sobel,cuda_shared_constant_filter,"NVIDIA GeForce GTX 1650 with Max-Q Design",32,16,3,301989888,223.121300,215.775800,229.348900,5.597293,2.668032,2.612960,2.727872,0.047034,52.738932,52.683860,52.798772,0.047034,0.318100,23.650400,24.659000,1.443400,83.627670,4.230675,1.353479,113.188255,0.000000,0.000000,true
4096,4096,5,box,cuda_naive_global_memory,"NVIDIA GeForce GTX 1650 with Max-Q Design",8,8,3,838860800,497.478100,477.996100,535.616900,26.970308,16.834091,14.579744,19.243008,1.906904,123.621291,121.366944,126.030208,1.906904,3.543900,57.252000,44.149200,1.842100,29.551825,4.024211,1.686227,49.831073,0.000000,0.000000,true
4096,4096,5,box,cuda_shared_memory_tiled,"NVIDIA GeForce GTX 1650 with Max-Q Design",8,8,3,838860800,497.478100,477.996100,535.616900,26.970308,6.901077,6.840480,6.949120,0.045232,92.428277,92.367680,92.476320,0.045232,0.380700,56.916600,26.177000,2.052900,72.087021,5.382315,1.686227,121.555051,0.000000,0.000000,true
4096,4096,5,box,cuda_shared_constant_filter,"NVIDIA GeForce GTX 1650 with Max-Q Design",8,8,3,838860800,497.478100,477.996100,535.616900,26.970308,5.265472,5.164896,5.366880,0.082462,52.824172,52.723596,52.925580,0.082462,0.399300,22.149400,23.667900,1.342100,94.479300,9.417622,1.686227,159.313507,0.000000,0.000000,true
4096,4096,5,box,cuda_separable,"NVIDIA GeForce GTX 1650 with Max-Q Design",8,8,3,335544320,497.478100,477.996100,535.616900,26.970308,4.234165,4.152672,4.298848,0.060849,55.418065,55.336572,55.482748,0.060849,0.829900,24.317700,24.416500,1.619800,117.491420,8.976822,0.674491,79.246863,0.000000,0.000000,true
4096,4096,5,box,cuda_naive_global_memory,"NVIDIA GeForce GTX 1650 with Max-Q Design",16,16,3,838860800,497.478100,477.996100,535.616900,26.970308,5.071083,5.038528,5.113760,0.031536,58.750983,58.718428,58.793660,0.031536,1.017900,23.519400,28.071900,1.070700,98.100966,8.467571,1.686227,165.420457,0.000000,0.000000,true
4096,4096,5,box,cuda_shared_memory_tiled,"NVIDIA GeForce GTX 1650 with Max-Q Design",16,16,3,838860800,497.478100,477.996100,535.616900,26.970308,5.489408,5.424288,5.525024,0.046114,60.781508,60.716388,60.817124,0.046114,1.993500,24.644900,26.540500,2.113200,90.625093,8.184695,1.686227,152.814442,0.000000,0.000000,true
4096,4096,5,box,cuda_shared_constant_filter,"NVIDIA GeForce GTX 1650 with Max-Q Design",16,16,3,838860800,497.478100,477.996100,535.616900,26.970308,4.507776,4.450752,4.550592,0.041980,61.768676,61.711652,61.811492,0.041980,0.961200,28.685700,25.974300,1.639700,110.359988,8.053890,1.686227,186.091947,0.000000,0.000000,true
4096,4096,5,box,cuda_separable,"NVIDIA GeForce GTX 1650 with Max-Q Design",16,16,3,335544320,497.478100,477.996100,535.616900,26.970308,3.285931,3.271712,3.306816,0.015087,61.562831,61.548612,61.583716,0.015087,1.770000,27.874400,25.527900,3.104600,151.396406,8.080819,0.674491,102.115458,0.000000,0.000000,true
4096,4096,5,box,cuda_naive_global_memory,"NVIDIA GeForce GTX 1650 with Max-Q Design",32,8,3,838860800,497.478100,477.996100,535.616900,26.970308,4.668555,4.662880,4.671488,0.004013,57.874955,57.869280,57.877888,0.004013,1.871600,25.009200,25.260100,1.065500,106.559340,8.595741,1.686227,179.683193,0.000000,0.000000,true
4096,4096,5,box,cuda_shared_memory_tiled,"NVIDIA GeForce GTX 1650 with Max-Q Design",32,8,3,838860800,497.478100,477.996100,535.616900,26.970308,4.026400,4.015584,4.047392,0.014846,59.544900,59.534084,59.565892,0.014846,0.383800,23.381600,30.247900,1.505200,123.554070,8.354672,1.686227,208.340159,0.000000,0.000000,true
4096,4096,5,box,cuda_shared_constant_filter,"NVIDIA GeForce GTX 1650 with Max-Q Design",32,8,3,838860800,497.478100,477.996100,535.616900,26.970308,3.502592,3.491840,3.516928,0.010551,56.546492,56.535740,56.560828,0.010551,0.372200,23.528300,28.018500,1.124900,142.031419,8.797683,1.686227,239.497154,0.000000,0.000000,true
4096,4096,5,box,cuda_separable,"NVIDIA GeForce GTX 1650 with Max-Q Design",32,8,3,335544320,497.478100,477.996100,535.616900,26.970308,2.742229,2.723488,2.776960,0.024584,57.139529,57.120788,57.174260,0.024584,0.445700,24.814000,26.041100,3.096500,181.413750,8.706374,0.674491,122.361875,0.000000,0.000000,true
4096,4096,5,box,cuda_naive_global_memory,"NVIDIA GeForce GTX 1650 with Max-Q Design",32,16,3,838860800,497.478100,477.996100,535.616900,26.970308,4.279360,4.247680,4.341760,0.044125,55.840260,55.808580,55.902660,0.044125,0.930200,23.802800,25.682800,1.145100,116.250581,8.908950,1.686227,196.024820,0.000000,0.000000,true
4096,4096,5,box,cuda_shared_memory_tiled,"NVIDIA GeForce GTX 1650 with Max-Q Design",32,16,3,838860800,497.478100,477.996100,535.616900,26.970308,4.416181,4.397920,4.451872,0.025239,55.247981,55.229720,55.283672,0.025239,0.436400,23.924000,25.294300,1.177100,112.648928,9.004457,1.686227,189.951617,0.000000,0.000000,true
4096,4096,5,box,cuda_shared_constant_filter,"NVIDIA GeForce GTX 1650 with Max-Q Design",32,16,3,838860800,497.478100,477.996100,535.616900,26.970308,3.635776,3.586208,3.723264,0.062046,56.896276,56.846708,56.983764,0.062046,1.038300,23.910800,25.741400,2.570000,136.828587,8.743597,1.686227,230.724002,0.000000,0.000000,true
4096,4096,5,box,cuda_separable,"NVIDIA GeForce GTX 1650 with Max-Q Design",32,16,3,335544320,497.478100,477.996100,535.616900,26.970308,2.909643,2.901856,2.920768,0.008074,53.395143,53.387356,53.406268,0.008074,1.812100,20.475000,24.103700,4.094700,170.975671,9.316917,0.674491,115.321489,0.000000,0.000000,true
4096,4096,5,gaussian,cuda_naive_global_memory,"NVIDIA GeForce GTX 1650 with Max-Q Design",8,8,3,838860800,463.471433,460.081900,465.401200,2.404430,19.768298,19.699680,19.894272,0.089195,118.360298,118.291680,118.486272,0.089195,0.910100,58.863900,37.343800,1.474200,23.445186,3.915768,1.809951,42.434649,0.000000,0.000000,true
4096,4096,5,gaussian,cuda_shared_memory_tiled,"NVIDIA GeForce GTX 1650 with Max-Q Design",8,8,3,838860800,463.471433,460.081900,465.401200,2.404430,6.951808,6.891712,7.047552,0.068433,61.236308,61.176212,61.332052,0.068433,0.404000,26.020200,26.046500,1.813800,66.669192,7.568572,1.809951,120.668002,0.000000,0.000000,true
4096,4096,5,gaussian,cuda_shared_constant_filter,"NVIDIA GeForce GTX 1650 with Max-Q Design",8,8,3,838860800,463.471433,460.081900,465.401200,2.404430,5.402496,5.301664,5.478464,0.074289,65.527596,65.426764,65.603564,0.074289,0.740000,28.364200,29.609000,1.411900,85.788390,7.072920,1.809951,155.272821,0.000000,0.000000,true
4096,4096,5,gaussian,cuda_separable,"NVIDIA GeForce GTX 1650 with Max-Q Design",8,8,3,335544320,463.471433,460.081900,465.401200,2.404430,4.764149,4.736800,4.816896,0.037306,63.461949,63.434600,63.514696,0.037306,1.841100,27.324100,27.497600,2.035000,97.283145,7.303139,0.723981,70.431109,0.000000,0.000000,true
4096,4096,5,gaussian,cuda_naive_global_memory,"NVIDIA GeForce GTX 1650 with Max-Q Design",16,16,3,838860800,463.471433,460.081900,465.401200,2.404430,5.836395,5.814496,5.865792,0.021602,60.297595,60.275696,60.326992,0.021602,2.436500,25.130000,25.144000,1.750700,79.410572,7.686400,1.809951,143.729280,0.000000,0.000000,true
4096,4096,5,gaussian,cuda_shared_memory_tiled,"NVIDIA GeForce GTX 1650 with Max-Q Design",16,16,3,838860800,463.471433,460.081900,465.401200,2.404430,6.015051,5.947488,6.150144,0.095526,58.203151,58.135588,58.338244,0.095526,0.960500,24.416400,25.631800,1.179400,77.051960,7.962996,1.809951,139.460307,0.000000,0.000000,true
4096,4096,5,gaussian,cuda_shared_constant_filter,"NVIDIA GeForce GTX 1650 with Max-Q Design",16,16,3,838860800,463.471433,460.081900,465.401200,2.404430,5.019744,4.917248,5.083392,0.073180,55.597544,55.495048,55.661192,0.073180,0.590800,24.713100,24.079400,1.194500,92.329697,8.336185,1.809951,167.112270,0.000000,0.000000,true
4096,4096,5,gaussian,cuda_separable,"NVIDIA GeForce GTX 1650 with Max-Q Design",16,16,3,335544320,463.471433,460.081900,465.401200,2.404430,3.573045,3.568224,3.581824,0.006218,60.726645,60.721824,60.735424,0.006218,0.850400,28.523200,26.058300,1.721700,129.713281,7.632093,0.723981,93.909897,0.000000,0.000000,true
4096,4096,5,gaussian,cuda_naive_global_memory,"NVIDIA GeForce GTX 1650 with Max-Q Design",32,8,3,838860800,463.471433,460.081900,465.401200,2.404430,5.170656,5.156096,5.179392,0.010364,57.851656,57.837096,57.860392,0.010364,1.020400,24.231500,25.391100,2.038000,89.634941,8.011377,1.809951,162.234892,0.000000,0.000000,true
4096,4096,5,gaussian,cuda_shared_memory_tiled,"NVIDIA GeForce GTX 1650 with Max-Q Design",32,8,3,838860800,463.471433,460.081900,465.401200,2.404430,5.258613,5.242784,5.283456,0.017785,57.286913,57.271084,57.311756,0.017785,0.423100,24.035200,26.416200,1.153800,88.135676,8.090354,1.809951,159.521295,0.000000,0.000000,true
4096,4096,5,gaussian,cuda_shared_constant_filter,"NVIDIA GeForce GTX 1650 with Max-Q Design",32,8,3,838860800,463.471433,460.081900,465.401200,2.404430,4.544821,4.513632,4.568800,0.023092,55.326221,55.295032,55.350200,0.023092,0.811500,24.472700,24.292300,1.204900,101.977923,8.377066,1.809951,184.575091,0.000000,0.000000,true
4096,4096,5,gaussian,cuda_separable,"NVIDIA GeForce GTX 1650 with Max-Q Design",32,8,3,335544320,463.471433,460.081900,465.401200,2.404430,2.836736,2.830400,2.844672,0.005935,54.842236,54.835900,54.850172,0.005935,0.421400,22.471100,25.103800,4.009200,163.381943,8.450994,0.723981,118.285355,0.000000,0.000000,true
4096,4096,5,gaussian,cuda_naive_global_memory,"NVIDIA GeForce GTX 1650 with Max-Q Design",32,16,3,838860800,463.471433,460.081900,465.401200,2.404430,4.436309,4.425728,4.456448,0.014246,57.189909,57.179328,57.210048,0.014246,1.481300,24.036900,25.735300,1.500100,104.472298,8.104077,1.809951,189.089790,0.000000,0.000000,true
4096,4096,5,gaussian,cuda_shared_memory_tiled,"NVIDIA GeForce GTX 1650 with Max-Q Design",32,16,3,838860800,463.471433,460.081900,465.401200,2.404430,4.651115,4.605792,4.724736,0.052520,53.092415,53.047092,53.166036,0.052520,0.982100,20.695200,25.306800,1.457200,99.647387,8.729523,1.809951,180.356934,0.000000,0.000000,true
4096,4096,5,gaussian,cuda_shared_constant_filter,"NVIDIA GeForce GTX 1650 with Max-Q Design",32,16,3,838860800,463.471433,460.081900,465.401200,2.404430,3.480277,3.469312,3.493056,0.009778,56.060177,56.049212,56.072956,0.009778,0.337300,22.946700,28.078300,1.217600,133.170835,8.267392,1.809951,241.032748,0.000000,0.000000,true
4096,4096,5,gaussian,cuda_separable,"NVIDIA GeForce GTX 1650 with Max-Q Design",32,16,3,335544320,463.471433,460.081900,465.401200,2.404430,2.906699,2.897984,2.915296,0.007068,55.587999,55.579284,55.596596,0.007068,0.480300,24.614600,24.454300,3.132100,159.449424,8.337617,0.723981,115.438287,0.000000,0.000000,true
4096,4096,5,sharpen,cuda_naive_global_memory,"NVIDIA GeForce GTX 1650 with Max-Q Design",8,8,3,838860800,468.766467,464.656100,476.078600,5.183748,21.020800,21.006304,21.035328,0.011849,124.096200,124.081704,124.110728,0.011849,1.302400,56.729000,42.891400,2.152600,22.300125,3.777444,1.789507,39.906227,0.000001,0.000000,true
4096,4096,5,sharpen,cuda_shared_memory_tiled,"NVIDIA GeForce GTX 1650 with Max-Q Design",8,8,3,838860800,468.766467,464.656100,476.078600,5.183748,7.743403,7.739168,7.747552,0.003423,60.952503,60.948268,60.956652,0.003423,0.442500,23.972800,26.239700,2.554100,60.537530,7.690684,1.789507,108.332324,0.000001,0.000000,true
4096,4096,5,sharpen,cuda_shared_constant_filter,"NVIDIA GeForce GTX 1650 with Max-Q Design",8,8,3,838860800,468.766467,464.656100,476.078600,5.183748,5.177344,5.165056,5.187584,0.009310,58.680844,58.668556,58.691084,0.009310,1.096400,26.568900,24.803300,1.034900,90.541881,7.988407,1.789507,162.025316,0.000001,0.000000,true
4096,4096,5,sharpen,cuda_naive_global_memory,"NVIDIA GeForce GTX 1650 with Max-Q Design",16,16,3,838860800,468.766467,464.656100,476.078600,5.183748,5.681429,5.649376,5.717856,0.028127,59.963029,59.930976,59.999456,0.028127,0.758800,25.143200,25.738300,2.641300,82.508546,7.817591,1.789507,147.649608,0.000001,0.000000,true
4096,4096,5,sharpen,cuda_shared_memory_tiled,"NVIDIA GeForce GTX 1650 with Max-Q Design",16,16,3,838860800,468.766467,464.656100,476.078600,5.183748,5.648885,5.623200,5.685312,0.026470,55.668385,55.642700,55.704812,0.026470,0.930500,22.140500,24.597200,2.351300,82.983889,8.420695,1.789507,148.500237,0.000001,0.000000,true
4096,4096,5,sharpen,cuda_shared_constant_filter,"NVIDIA GeForce GTX 1650 with Max-Q Design",16,16,3,838860800,468.766467,464.656100,476.078600,5.183748,4.740523,4.667392,4.856064,0.082657,54.953723,54.880592,55.069264,0.082657,0.342300,22.883600,25.551100,1.436200,98.884978,8.530204,1.789507,176.955345,0.000001,0.000000,true
4096,4096,5,sharpen,cuda_naive_global_memory,"NVIDIA GeForce GTX 1650 with Max-Q Design",32,8,3,838860800,468.766467,464.656100,476.078600,5.183748,4.908437,4.896768,4.927680,0.013709,54.820737,54.809068,54.839980,0.013709,0.337000,24.132700,24.488300,0.954300,95.502179,8.550897,1.789507,170.901802,0.000001,0.000000,true
4096,4096,5,sharpen,cuda_shared_memory_tiled,"NVIDIA GeForce GTX 1650 with Max-Q Design",32,8,3,838860800,468.766467,464.656100,476.078600,5.183748,4.933408,4.868064,5.025312,0.066887,55.150308,55.084964,55.242212,0.066887,0.365300,23.901400,24.794100,1.156100,95.018793,8.499798,1.789507,170.036780,0.000001,0.000000,true
4096,4096,5,sharpen,cuda_shared_constant_filter,"NVIDIA GeForce GTX 1650 with Max-Q Design",32,8,3,838860800,468.766467,464.656100,476.078600,5.183748,4.242656,4.190272,4.343232,0.071139,53.849356,53.796972,53.949932,0.071139,0.355900,23.824500,24.231000,1.195300,110.488915,8.705145,1.789507,197.720670,0.000001,0.000000,true
4096,4096,5,sharpen,cuda_naive_global_memory,"NVIDIA GeForce GTX 1650 with Max-Q Design",32,16,3,838860800,468.766467,464.656100,476.078600,5.183748,5.063936,5.054464,5.076928,0.009503,56.242336,56.232864,56.255328,0.009503,1.211700,25.074000,23.746600,1.146100,92.569586,8.334762,1.789507,165.653908,0.000001,0.000000,true
4096,4096,5,sharpen,cuda_shared_memory_tiled,"NVIDIA GeForce GTX 1650 with Max-Q Design",32,16,3,838860800,468.766467,464.656100,476.078600,5.183748,5.372576,5.361664,5.384160,0.009196,55.813476,55.802564,55.825060,0.009196,0.436900,24.538600,24.187000,1.278400,87.251716,8.398804,1.789507,156.137542,0.000001,0.000000,true
4096,4096,5,sharpen,cuda_shared_constant_filter,"NVIDIA GeForce GTX 1650 with Max-Q Design",32,16,3,838860800,468.766467,464.656100,476.078600,5.183748,4.297088,4.159136,4.500960,0.147128,54.636788,54.498836,54.840660,0.147128,0.351600,24.517000,24.418000,1.053100,109.089338,8.579686,1.789507,195.216117,0.000001,0.000000,true
4096,4096,5,sobel,cuda_naive_global_memory,"NVIDIA GeForce GTX 1650 with Max-Q Design",8,8,3,838860800,475.687567,473.441500,477.257000,1.629496,7.486731,7.471008,7.512000,0.018045,56.604631,56.588908,56.629900,0.018045,1.196200,21.557200,23.761600,2.602900,63.537423,8.403686,1.763470,112.046345,0.000000,0.000000,true
4096,4096,5,sobel,cuda_shared_memory_tiled,"NVIDIA GeForce GTX 1650 with Max-Q Design",8,8,3,838860800,475.687567,473.441500,477.257000,1.629496,5.550027,5.530464,5.569536,0.015951,53.805127,53.785564,53.824636,0.015951,0.314900,22.808600,23.849500,1.282100,85.709059,8.840934,1.763470,151.145362,0.000000,0.000000,true
4096,4096,5,sobel,cuda_shared_constant_filter,"NVIDIA GeForce GTX 1650 with Max-Q Design",8,8,3,838860800,475.687567,473.441500,477.257000,1.629496,3.643744,3.597824,3.733024,0.063139,54.330344,54.284424,54.419624,0.063139,0.344800,23.193400,25.923600,1.224800,130.549119,8.755468,1.763470,230.219467,0.000000,0.000000,true
4096,4096,5,sobel,cuda_naive_global_memory,"NVIDIA GeForce GTX 1650 with Max-Q Design",16,16,3,838860800,475.687567,473.441500,477.257000,1.629496,4.029771,3.984096,4.053888,0.032314,56.726671,56.680996,56.750788,0.032314,0.924500,23.118000,27.257600,1.396800,118.043334,8.385607,1.763470,208.165889,0.000000,0.000000,true
4096,4096,5,sobel,cuda_shared_memory_tiled,"NVIDIA GeForce GTX 1650 with Max-Q Design",16,16,3,838860800,475.687567,473.441500,477.257000,1.629496,4.292800,4.292128,4.293888,0.000776,55.805000,55.804328,55.806088,0.000776,1.260700,24.337400,24.771000,1.143100,110.810556,8.524103,1.763470,195.411102,0.000000,0.000000,true
4096,4096,5,sobel,cuda_shared_constant_filter,"NVIDIA GeForce GTX 1650 with Max-Q Design",16,16,3,838860800,475.687567,473.441500,477.257000,1.629496,3.661045,3.627552,3.697856,0.028797,58.329545,58.296052,58.366356,0.028797,0.895500,25.708100,26.033100,2.031800,129.932171,8.155174,1.763470,229.131499,0.000000,0.000000,true
4096,4096,5,sobel,cuda_naive_global_memory,"NVIDIA GeForce GTX 1650 with Max-Q Design",32,8,3,838860800,475.687567,473.441500,477.257000,1.629496,3.817376,3.803008,3.835168,0.013351,60.608576,60.594208,60.626368,0.013351,2.991800,24.351200,28.201100,1.247100,124.611138,7.848519,1.763470,219.748017,0.000000,0.000000,true
4096,4096,5,sobel,cuda_shared_memory_tiled,"NVIDIA GeForce GTX 1650 with Max-Q Design",32,8,3,838860800,475.687567,473.441500,477.257000,1.629496,3.913675,3.884928,3.962848,0.034936,56.731075,56.702328,56.780248,0.034936,0.340300,24.136300,27.381800,0.959000,121.544995,8.384956,1.763470,214.340963,0.000000,0.000000,true
4096,4096,5,sobel,cuda_shared_constant_filter,"NVIDIA GeForce GTX 1650 with Max-Q Design",32,8,3,838860800,475.687567,473.441500,477.257000,1.629496,3.405995,3.384064,3.448416,0.030002,57.422495,57.400564,57.464916,0.030002,0.321100,23.660700,28.865000,1.169700,139.661865,8.283993,1.763470,246.289523,0.000000,0.000000,true
4096,4096,5,sobel,cuda_naive_global_memory,"NVIDIA GeForce GTX 1650 with Max-Q Design",32,16,3,838860800,475.687567,473.441500,477.257000,1.629496,4.112832,4.090528,4.149856,0.026362,55.745532,55.723228,55.782556,0.026362,0.748600,23.587200,26.194200,1.102700,115.659370,8.533196,1.763470,203.961841,0.000000,0.000000,true
4096,4096,5,sobel,cuda_shared_memory_tiled,"NVIDIA GeForce GTX 1650 with Max-Q Design",32,16,3,838860800,475.687567,473.441500,477.257000,1.629496,4.259669,4.232992,4.294656,0.025851,54.060069,54.033392,54.095056,0.025851,0.744800,23.562300,24.177200,1.316100,111.672417,8.799241,1.763470,196.930968,0.000000,0.000000,true
4096,4096,5,sobel,cuda_shared_constant_filter,"NVIDIA GeForce GTX 1650 with Max-Q Design",32,16,3,838860800,475.687567,473.441500,477.257000,1.629496,3.463936,3.448000,3.477504,0.012161,55.167136,55.151200,55.180704,0.012161,0.628300,23.535800,25.712300,1.826800,137.325737,8.622662,1.763470,242.169831,0.000000,0.000000,true
4096,4096,7,box,cuda_naive_global_memory,"NVIDIA GeForce GTX 1650 with Max-Q Design",8,8,3,1644167168,860.232567,838.550800,883.968500,18.598505,19.811883,19.773216,19.853312,0.032757,158.208383,158.169716,158.249812,0.032757,0.983500,109.335500,26.403300,1.674200,43.420031,5.437339,1.911305,82.988941,0.000000,0.000000,true
4096,4096,7,box,cuda_shared_memory_tiled,"NVIDIA GeForce GTX 1650 with Max-Q Design",8,8,3,1644167168,860.232567,838.550800,883.968500,18.598505,9.258699,9.231840,9.311424,0.037285,65.355099,65.328240,65.407824,0.037285,0.707400,27.277600,26.571100,1.540300,92.910741,13.162440,1.911305,177.580803,0.000000,0.000000,true
4096,4096,7,box,cuda_shared_constant_filter,"NVIDIA GeForce GTX 1650 with Max-Q Design",8,8,3,1644167168,860.232567,838.550800,883.968500,18.598505,6.753813,6.717184,6.813696,0.042694,59.355613,59.318984,59.415496,0.042694,0.345400,25.575600,25.236700,1.444100,127.369907,14.492860,1.911305,243.442793,0.000000,0.000000,true
4096,4096,7,box,cuda_separable,"NVIDIA GeForce GTX 1650 with Max-Q Design",8,8,3,469762048,860.232567,838.550800,883.968500,18.598505,4.508928,4.494432,4.517056,0.010275,59.730528,59.716032,59.738656,0.010275,0.688900,26.455900,26.165100,1.911700,190.784277,14.401891,0.546087,104.184864,0.000000,0.000000,true
4096,4096,7,box,cuda_naive_global_memory,"NVIDIA GeForce GTX 1650 with Max-Q Design",16,16,3,1644167168,860.232567,838.550800,883.968500,18.598505,7.144651,7.067040,7.184384,0.054884,58.034351,57.956740,58.074084,0.054884,1.198200,22.553600,25.753900,1.384000,120.402328,14.822817,1.911305,230.125622,0.000000,0.000000,true
4096,4096,7,box,cuda_shared_memory_tiled,"NVIDIA GeForce GTX 1650 with Max-Q Design",16,16,3,1644167168,860.232567,838.550800,883.968500,18.598505,7.179189,7.151520,7.232064,0.037401,57.528189,57.500520,57.581064,0.037401,0.321900,23.266300,25.578200,1.182600,119.823081,14.953236,1.911305,229.018503,0.000000,0.000000,true
4096,4096,7,box,cuda_shared_constant_filter,"NVIDIA GeForce GTX 1650 with Max-Q Design",16,16,3,1644167168,860.232567,838.550800,883.968500,18.598505,5.074997,5.054496,5.105792,0.022170,54.444997,54.424496,54.475792,0.022170,0.811500,23.291100,24.188700,1.078700,169.504045,15.800030,1.911305,323.974001,0.000000,0.000000,true
4096,4096,7,box,cuda_separable,"NVIDIA GeForce GTX 1650 with Max-Q Design",16,16,3,469762048,860.232567,838.550800,883.968500,18.598505,3.633781,3.614720,3.657120,0.017572,59.046881,59.027820,59.070220,0.017572,2.197500,24.969800,25.875300,2.370500,236.732066,14.568637,0.546087,129.276366,0.000000,0.000000,true
4096,4096,7,box,cuda_naive_global_memory,"NVIDIA GeForce GTX 1650 with Max-Q Design",32,8,3,1644167168,860.232567,838.550800,883.968500,18.598505,6.307648,6.157600,6.578176,0.191673,61.537248,61.387200,61.807776,0.191673,0.342900,23.510500,30.129500,1.246700,136.379291,13.979055,1.911305,260.662479,0.000000,0.000000,true
4096,4096,7,box,cuda_shared_memory_tiled,"NVIDIA GeForce GTX 1650 with Max-Q Design",32,8,3,1644167168,860.232567,838.550800,883.968500,18.598505,5.755424,5.605536,5.849120,0.107087,58.338724,58.188836,58.432420,0.107087,0.367300,24.231500,25.842000,2.142500,149.464673,14.745481,1.911305,285.672639,0.000000,0.000000,true
4096,4096,7,box,cuda_shared_constant_filter,"NVIDIA GeForce GTX 1650 with Max-Q Design",32,8,3,1644167168,860.232567,838.550800,883.968500,18.598505,4.180139,4.153088,4.214944,0.025841,51.889739,51.862688,51.924544,0.025841,0.397200,21.686700,24.428900,1.196800,205.790442,16.578086,1.911305,393.328387,0.000000,0.000000,true
4096,4096,7,box,cuda_separable,"NVIDIA GeForce GTX 1650 with Max-Q Design",32,8,3,469762048,860.232567,838.550800,883.968500,18.598505,3.602325,3.551488,3.696640,0.066758,56.756625,56.705788,56.850940,0.066758,0.440700,24.248500,26.181100,2.284000,238.799248,15.156514,0.546087,130.405228,0.000000,0.000000,true
4096,4096,7,box,cuda_naive_global_memory,"NVIDIA GeForce GTX 1650 with Max-Q Design",32,16,3,1644167168,860.232567,838.550800,883.968500,18.598505,7.216960,7.208512,7.231552,0.010361,55.350360,55.341912,55.364952,0.010361,0.344300,22.192400,24.449400,1.147300,119.195973,15.541589,1.911305,227.819910,0.000000,0.000000,true
4096,4096,7,box,cuda_shared_memory_tiled,"NVIDIA GeForce GTX 1650 with Max-Q Design",32,16,3,1644167168,860.232567,838.550800,883.968500,18.598505,5.829888,5.775360,5.916672,0.062036,60.684388,60.629860,60.771172,0.062036,0.372300,24.394900,28.438600,1.648700,147.555586,14.175517,1.911305,282.023791,0.000000,0.000000,true
4096,4096,7,box,cuda_shared_constant_filter,"NVIDIA GeForce GTX 1650 with Max-Q Design",32,16,3,1644167168,860.232567,838.550800,883.968500,18.598505,4.439893,4.423424,4.472576,0.023111,54.245493,54.229024,54.278176,0.023111,0.379700,24.301900,24.018000,1.106000,193.750732,15.858139,1.911305,370.316825,0.000000,0.000000,true
4096,4096,7,box,cuda_separable,"NVIDIA GeForce GTX 1650 with Max-Q Design",32,16,3,469762048,860.232567,838.550800,883.968500,18.598505,3.982112,3.973152,3.997856,0.011168,57.934012,57.925052,57.949756,0.011168,2.134300,24.122900,26.056400,1.638300,216.024206,14.848489,0.546087,117.968067,0.000000,0.000000,true
4096,4096,7,gaussian,cuda_naive_global_memory,"NVIDIA GeForce GTX 1650 with Max-Q Design",8,8,3,1644167168,842.646400,839.364200,849.147100,4.596763,23.667520,19.806623,31.303713,5.399717,164.331820,160.470923,171.968013,5.399717,0.372700,110.521000,26.525200,3.245400,35.603494,5.127713,1.951195,69.469348,0.000000,0.000000,true
4096,4096,7,gaussian,cuda_shared_memory_tiled,"NVIDIA GeForce GTX 1650 with Max-Q Design",8,8,3,1644167168,842.646400,839.364200,849.147100,4.596763,10.666208,9.321664,13.342752,1.892610,63.482008,62.137464,66.158552,1.892610,0.802400,25.996500,24.998800,1.018100,79.001497,13.273783,1.951195,154.147301,0.000000,0.000000,true
4096,4096,7,gaussian,cuda_shared_constant_filter,"NVIDIA GeForce GTX 1650 with Max-Q Design",8,8,3,1644167168,842.646400,839.364200,849.147100,4.596763,6.852843,6.813248,6.930240,0.054733,57.685643,57.646048,57.763040,0.054733,0.337600,23.842000,25.527900,1.125300,122.963042,14.607558,1.951195,239.924833,0.000000,0.000000,true
4096,4096,7,gaussian,cuda_separable,"NVIDIA GeForce GTX 1650 with Max-Q Design",8,8,3,469762048,842.646400,839.364200,849.147100,4.596763,4.623648,4.582240,4.692768,0.049194,62.666248,62.624840,62.735368,0.049194,0.466800,26.864000,28.338900,2.372900,182.247091,13.446575,0.557484,101.599872,0.000000,0.000000,true
4096,4096,7,gaussian,cuda_naive_global_memory,"NVIDIA GeForce GTX 1650 with Max-Q Design",16,16,3,1644167168,842.646400,839.364200,849.147100,4.596763,7.455669,7.186432,7.911232,0.323905,56.162769,55.893532,56.618332,0.323905,0.750300,22.497800,24.456300,1.002700,113.020894,15.003648,1.951195,220.525766,0.000000,0.000000,true
4096,4096,7,gaussian,cuda_shared_memory_tiled,"NVIDIA GeForce GTX 1650 with Max-Q Design",16,16,3,1644167168,842.646400,839.364200,849.147100,4.596763,7.491531,7.270624,7.876832,0.273424,56.625631,56.404724,57.010932,0.273424,0.939600,23.244100,23.798900,1.151500,112.479870,14.881007,1.951195,219.470122,0.000000,0.000000,true
4096,4096,7,gaussian,cuda_shared_constant_filter,"NVIDIA GeForce GTX 1650 with Max-Q Design",16,16,3,1644167168,842.646400,839.364200,849.147100,4.596763,5.160320,5.152960,5.170784,0.007600,56.590020,56.582660,56.600484,0.007600,0.347800,20.751000,28.984000,1.346900,163.293440,14.890371,1.951195,318.617291,0.000000,0.000000,true
4096,4096,7,gaussian,cuda_separable,"NVIDIA GeForce GTX 1650 with Max-Q Design",16,16,3,469762048,842.646400,839.364200,849.147100,4.596763,3.646699,3.635200,3.662368,0.011477,55.586699,55.575200,55.602368,0.011477,1.008200,22.871500,26.401300,1.659000,231.071022,15.159137,0.557484,128.818442,0.000000,0.000000,true
4096,4096,7,gaussian,cuda_naive_global_memory,"NVIDIA GeForce GTX 1650 with Max-Q Design",32,8,3,1644167168,842.646400,839.364200,849.147100,4.596763,6.308768,6.153184,6.461184,0.125760,56.119568,55.963984,56.271984,0.125760,0.342500,22.758400,24.286700,2.423200,133.567506,15.015198,1.951195,260.616206,0.000000,0.000000,true
4096,4096,7,gaussian,cuda_shared_memory_tiled,"NVIDIA GeForce GTX 1650 with Max-Q Design",32,8,3,1644167168,842.646400,839.364200,849.147100,4.596763,5.522645,5.470304,5.584352,0.047029,54.358945,54.306604,54.420652,0.047029,0.341100,22.211800,24.767800,1.515600,152.580213,15.501522,1.951195,297.713700,0.000000,0.000000,true
4096,4096,7,gaussian,cuda_shared_constant_filter,"NVIDIA GeForce GTX 1650 with Max-Q Design",32,8,3,1644167168,842.646400,839.364200,849.147100,4.596763,4.117152,4.079072,4.190208,0.051674,52.541252,52.503172,52.614308,0.051674,0.355700,22.281800,24.754900,1.031700,204.667301,16.037806,1.951195,399.345748,0.000000,0.000000,true
4096,4096,7,gaussian,cuda_separable,"NVIDIA GeForce GTX 1650 with Max-Q Design",32,8,3,469762048,842.646400,839.364200,849.147100,4.596763,3.503883,3.472640,3.563840,0.042409,62.916483,62.885240,62.976440,0.042409,0.499700,29.940200,26.925600,2.047100,240.489333,13.393095,0.557484,134.069002,0.000000,0.000000,true
4096,4096,7,gaussian,cuda_naive_global_memory,"NVIDIA GeForce GTX 1650 with Max-Q Design",32,16,3,1644167168,842.646400,839.364200,849.147100,4.596763,7.146752,7.096160,7.192480,0.039473,58.411652,58.361060,58.457380,0.039473,0.354200,23.561000,26.242700,1.107000,117.906203,14.425998,1.951195,230.057956,0.000000,0.000000,true
4096,4096,7,gaussian,cuda_shared_memory_tiled,"NVIDIA GeForce GTX 1650 with Max-Q Design",32,16,3,1644167168,842.646400,839.364200,849.147100,4.596763,5.706219,5.685152,5.739744,0.023965,60.790719,60.769652,60.824244,0.023965,0.360500,23.565300,29.754000,1.404700,147.671592,13.861432,1.951195,288.136023,0.000000,0.000000,true
4096,4096,7,gaussian,cuda_shared_constant_filter,"NVIDIA GeForce GTX 1650 with Max-Q Design",32,16,3,1644167168,842.646400,839.364200,849.147100,4.596763,4.386326,4.340000,4.454912,0.049483,55.318426,55.272100,55.387012,0.049483,0.713200,24.360200,24.749300,1.109400,192.107584,15.232653,1.951195,374.839296,0.000000,0.000000,true
4096,4096,7,gaussian,cuda_separable,"NVIDIA GeForce GTX 1650 with Max-Q Design",32,16,3,469762048,842.646400,839.364200,849.147100,4.596763,4.030912,4.022272,4.048160,0.012196,56.352612,56.343972,56.369860,0.012196,0.845200,24.144000,25.636100,1.696400,209.046088,14.953103,0.557484,116.539889,0.000000,0.000000,true
4096,4096,7,sharpen,cuda_naive_global_memory,"NVIDIA GeForce GTX 1650 with Max-Q Design",8,8,3,1644167168,839.964867,829.221700,845.722900,7.603116,24.842229,19.767296,34.985920,7.172673,163.385229,158.310296,173.528920,7.172673,0.348600,110.617600,25.941000,1.635800,33.811976,5.141009,1.957424,66.184365,0.000001,0.000000,true
4096,4096,7,sharpen,cuda_shared_memory_tiled,"NVIDIA GeForce GTX 1650 with Max-Q Design",8,8,3,1644167168,839.964867,829.221700,845.722900,7.603116,10.081472,9.754176,10.649600,0.403275,71.615072,71.287776,72.183200,0.403275,1.374700,30.717200,27.608100,1.833600,83.317680,11.728884,1.957424,163.088005,0.000001,0.000000,true
4096,4096,7,sharpen,cuda_shared_constant_filter,"NVIDIA GeForce GTX 1650 with Max-Q Design",8,8,3,1644167168,839.964867,829.221700,845.722900,7.603116,7.121269,7.097920,7.164992,0.030940,65.328669,65.305320,65.372392,0.030940,0.789900,26.112000,28.697500,2.608000,117.951567,12.857523,1.957424,230.881198,0.000001,0.000000,true
4096,4096,7,sharpen,cuda_naive_global_memory,"NVIDIA GeForce GTX 1650 with Max-Q Design",16,16,3,1644167168,839.964867,829.221700,845.722900,7.603116,7.294507,7.057984,7.697312,0.286266,65.647807,65.411284,66.050612,0.286266,1.347800,26.437000,29.608500,0.960000,115.150334,12.795018,1.957424,225.397997,0.000001,0.000000,true
4096,4096,7,sharpen,cuda_shared_memory_tiled,"NVIDIA GeForce GTX 1650 with Max-Q Design",16,16,3,1644167168,839.964867,829.221700,845.722900,7.603116,7.307733,7.161888,7.594528,0.202804,63.736333,63.590488,64.023128,0.202804,1.767200,26.747200,26.139600,1.774600,114.941915,13.178745,1.957424,224.990032,0.000001,0.000000,true
4096,4096,7,sharpen,cuda_shared_constant_filter,"NVIDIA GeForce GTX 1650 with Max-Q Design",16,16,3,1644167168,839.964867,829.221700,845.722900,7.603116,5.132384,5.056224,5.247008,0.082499,60.653784,60.577624,60.768408,0.082499,1.248400,25.457600,27.680200,1.135200,163.659786,13.848515,1.957424,320.351551,0.000001,0.000000,true
4096,4096,7,sharpen,cuda_naive_global_memory,"NVIDIA GeForce GTX 1650 with Max-Q Design",32,8,3,1644167168,839.964867,829.221700,845.722900,7.603116,6.417504,6.204992,6.676000,0.195018,58.475904,58.263392,58.734400,0.195018,0.747800,22.280300,27.859500,1.170800,130.886536,14.364290,1.957424,256.200412,0.000001,0.000000,true
4096,4096,7,sharpen,cuda_shared_memory_tiled,"NVIDIA GeForce GTX 1650 with Max-Q Design",32,8,3,1644167168,839.964867,829.221700,845.722900,7.603116,5.597205,5.449664,5.806976,0.152364,62.580505,62.432964,62.790276,0.152364,1.384100,24.970700,29.371600,1.256900,150.068618,13.422149,1.957424,293.747875,0.000001,0.000000,true
4096,4096,7,sharpen,cuda_shared_constant_filter,"NVIDIA GeForce GTX 1650 with Max-Q Design",32,8,3,1644167168,839.964867,829.221700,845.722900,7.603116,4.093237,4.069856,4.130912,0.026897,55.042137,55.018756,55.079812,0.026897,0.367100,24.553300,24.935800,1.092700,205.207953,15.260397,1.957424,401.678918,0.000001,0.000000,true
4096,4096,7,sharpen,cuda_naive_global_memory,"NVIDIA GeForce GTX 1650 with Max-Q Design",32,16,3,1644167168,839.964867,829.221700,845.722900,7.603116,7.262635,7.058944,7.530496,0.197786,62.096135,61.892444,62.363996,0.197786,0.362700,24.562200,27.227200,2.681400,115.655667,13.526846,1.957424,226.387148,0.000001,0.000000,true
4096,4096,7,sharpen,cuda_shared_memory_tiled,"NVIDIA GeForce GTX 1650 with Max-Q Design",32,16,3,1644167168,839.964867,829.221700,845.722900,7.603116,5.764576,5.664448,5.894080,0.096021,63.096076,62.995948,63.225580,0.096021,1.827300,24.826000,28.632700,2.045500,145.711475,13.312474,1.957424,285.219100,0.000001,0.000000,true
4096,4096,7,sharpen,cuda_shared_constant_filter,"NVIDIA GeForce GTX 1650 with Max-Q Design",32,16,3,1644167168,839.964867,829.221700,845.722900,7.603116,4.535957,4.442976,4.628352,0.075681,52.845057,52.752076,52.937452,0.075681,1.048600,20.863000,25.093400,1.304100,185.179181,15.894861,1.957424,362.474125,0.000001,0.000000,true
4096,4096,7,sobel,cuda_naive_global_memory,"NVIDIA GeForce GTX 1650 with Max-Q Design",8,8,3,1644167168,837.826100,826.445100,854.758900,12.207503,38.931594,19.849407,56.850655,15.128069,180.091394,161.009207,198.010455,15.128069,0.754900,110.388200,27.885100,2.131600,21.520468,4.652227,1.962421,42.232208,0.000000,0.000000,true
4096,4096,7,sobel,cuda_shared_memory_tiled,"NVIDIA GeForce GTX 1650 with Max-Q Design",8,8,3,1644167168,837.826100,826.445100,854.758900,12.207503,12.740021,11.324640,13.478720,1.001146,66.936821,65.521440,67.675520,1.001146,1.926600,25.704400,25.100700,1.465100,65.763320,12.516670,1.962421,129.055291,0.000000,0.000000,true
4096,4096,7,sobel,cuda_shared_constant_filter,"NVIDIA GeForce GTX 1650 with Max-Q Design",8,8,3,1644167168,837.826100,826.445100,854.758900,12.207503,7.006400,6.994368,7.022560,0.011874,58.651400,58.639368,58.667560,0.011874,0.346700,24.218900,26.045500,1.033900,119.580111,14.284844,1.962421,234.666468,0.000000,0.000000,true
4096,4096,7,sobel,cuda_naive_global_memory,"NVIDIA GeForce GTX 1650 with Max-Q Design",16,16,3,1644167168,837.826100,826.445100,854.758900,12.207503,8.201771,8.172416,8.222720,0.021380,59.283971,59.254616,59.304920,0.021380,1.838000,23.533700,24.530900,1.179600,102.151855,14.132422,1.962421,200.464901,0.000000,0.000000,true
4096,4096,7,sobel,cuda_shared_memory_tiled,"NVIDIA GeForce GTX 1650 with Max-Q Design",16,16,3,1644167168,837.826100,826.445100,854.758900,12.207503,8.398037,8.362144,8.462336,0.045568,59.408437,59.372544,59.472736,0.045568,0.345400,23.544400,25.531800,1.588800,99.764513,14.102813,1.962421,195.779932,0.000000,0.000000,true
4096,4096,7,sobel,cuda_shared_constant_filter,"NVIDIA GeForce GTX 1650 with Max-Q Design",16,16,3,1644167168,837.826100,826.445100,854.758900,12.207503,5.909824,5.893184,5.933120,0.016969,55.998324,55.981684,56.021620,0.016969,0.419200,22.865900,24.644900,2.158500,141.768366,14.961628,1.962421,278.209157,0.000000,0.000000,true
4096,4096,7,sobel,cuda_naive_global_memory,"NVIDIA GeForce GTX 1650 with Max-Q Design",32,8,3,1644167168,837.826100,826.445100,854.758900,12.207503,6.374709,6.235936,6.651136,0.195464,56.100809,55.962036,56.377236,0.195464,1.114900,22.549500,25.064400,0.997300,131.429695,14.934296,1.962421,257.920337,0.000000,0.000000,true
4096,4096,7,sobel,cuda_shared_memory_tiled,"NVIDIA GeForce GTX 1650 with Max-Q Design",32,8,3,1644167168,837.826100,826.445100,854.758900,12.207503,5.650752,5.466080,5.915616,0.192083,56.089352,55.904680,56.354216,0.192083,0.846800,23.441500,24.350800,1.799500,148.268069,14.937347,1.962421,290.964309,0.000000,0.000000,true
4096,4096,7,sobel,cuda_shared_constant_filter,"NVIDIA GeForce GTX 1650 with Max-Q Design",32,8,3,1644167168,837.826100,826.445100,854.758900,12.207503,4.109952,4.070784,4.169728,0.042942,53.250552,53.211384,53.310328,0.042942,0.342500,23.192300,24.305400,1.300400,203.853015,15.733660,1.962421,400.045348,0.000000,0.000000,true
4096,4096,7,sobel,cuda_naive_global_memory,"NVIDIA GeForce GTX 1650 with Max-Q Design",32,16,3,1644167168,837.826100,826.445100,854.758900,12.207503,7.183157,7.121696,7.234496,0.046603,61.086457,61.024996,61.137796,0.046603,0.464500,26.220800,26.130700,1.087300,116.637580,13.715415,1.962421,228.891985,0.000000,0.000000,true
4096,4096,7,sobel,cuda_shared_memory_tiled,"NVIDIA GeForce GTX 1650 with Max-Q Design",32,16,3,1644167168,837.826100,826.445100,854.758900,12.207503,5.771712,5.664992,5.902080,0.098225,54.789612,54.682892,54.919980,0.098225,0.878800,20.244000,26.703600,1.191500,145.160760,15.291696,1.962421,284.866461,0.000000,0.000000,true
4096,4096,7,sobel,cuda_shared_constant_filter,"NVIDIA GeForce GTX 1650 with Max-Q Design",32,16,3,1644167168,837.826100,826.445100,854.758900,12.207503,4.369152,4.325184,4.433920,0.046764,50.673052,50.629084,50.737820,0.046764,0.878400,20.059800,24.323100,1.042600,191.759435,16.533958,1.962421,376.312658,0.000000,0.000000,true
4096,4096,11,box,cuda_naive_global_memory,"NVIDIA GeForce GTX 1650 with Max-Q Design",8,8,3,4060086272,1936.989533,1921.539900,1960.286600,16.763320,47.436810,47.022079,47.741951,0.303931,186.482510,186.067779,186.787651,0.303931,0.963800,110.229300,27.077200,0.775400,40.833048,10.386977,2.096081,85.589362,0.000000,0.000000,true
4096,4096,11,box,cuda_shared_memory_tiled,"NVIDIA GeForce GTX 1650 with Max-Q Design",8,8,3,4060086272,1936.989533,1921.539900,1960.286600,16.763320,19.627722,18.413824,20.407936,0.869936,83.329622,82.115724,84.109836,0.869936,0.350600,24.668500,37.105900,1.576900,98.686414,23.244910,2.096081,206.854682,0.000000,0.000000,true
4096,4096,11,box,cuda_shared_constant_filter,"NVIDIA GeForce GTX 1650 with Max-Q Design",8,8,3,4060086272,1936.989533,1921.539900,1960.286600,16.763320,13.716320,12.832480,14.782848,0.806645,65.934920,65.051080,67.001448,0.806645,0.354200,22.208800,26.903800,2.751800,141.217869,29.377294,2.096081,296.004042,0.000000,0.000000,true
4096,4096,11,box,cuda_separable,"NVIDIA GeForce GTX 1650 with Max-Q Design",8,8,3,738197504,1936.989533,1921.539900,1960.286600,16.763320,5.951488,5.933056,5.984256,0.023231,58.978188,58.959756,59.010956,0.023231,0.433600,24.406600,25.099900,3.086600,325.463074,32.842473,0.381106,124.035791,0.000000,0.000000,true
4096,4096,11,box,cuda_naive_global_memory,"NVIDIA GeForce GTX 1650 with Max-Q Design",16,16,3,4060086272,1936.989533,1921.539900,1960.286600,16.763320,19.568010,17.846239,20.736704,1.243146,68.155710,66.433939,69.324404,1.243146,0.382600,23.511800,23.669700,1.023600,98.987557,28.420062,2.096081,207.485902,0.000000,0.000000,true
4096,4096,11,box,cuda_shared_memory_tiled,"NVIDIA GeForce GTX 1650 with Max-Q Design",16,16,3,4060086272,1936.989533,1921.539900,1960.286600,16.763320,17.941738,17.174751,18.650656,0.603933,69.929638,69.162651,70.638556,0.603933,0.335900,23.589000,26.847300,1.215700,107.959971,27.699121,2.096081,226.292806,0.000000,0.000000,true
4096,4096,11,box,cuda_shared_constant_filter,"NVIDIA GeForce GTX 1650 with Max-Q Design",16,16,3,4060086272,1936.989533,1921.539900,1960.286600,16.763320,12.384491,11.581248,13.077440,0.615777,63.227991,62.424748,63.920940,0.615777,0.732200,20.140100,27.273500,2.697700,156.404453,30.635000,2.096081,327.836347,0.000000,0.000000,true
4096,4096,11,box,cuda_separable,"NVIDIA GeForce GTX 1650 with Max-Q Design",16,16,3,738197504,1936.989533,1921.539900,1960.286600,16.763320,4.651690,4.605952,4.679680,0.032611,53.781490,53.735752,53.809480,0.032611,0.801800,22.803200,23.707600,1.817200,416.405507,36.015914,0.381106,158.694459,0.000000,0.000000,true
4096,4096,11,box,cuda_naive_global_memory,"NVIDIA GeForce GTX 1650 with Max-Q Design",32,8,3,4060086272,1936.989533,1921.539900,1960.286600,16.763320,13.671712,12.636160,15.355296,1.200940,66.207012,65.171460,67.890596,1.200940,0.931400,21.735700,27.779600,2.088600,141.678639,29.256562,2.096081,296.969852,0.000000,0.000000,true
4096,4096,11,box,cuda_shared_memory_tiled,"NVIDIA GeForce GTX 1650 with Max-Q Design",32,8,3,4060086272,1936.989533,1921.539900,1960.286600,16.763320,13.767872,12.552128,14.826048,0.934986,66.300372,65.084628,67.358548,0.934986,1.174300,21.938300,28.238400,1.181500,140.689102,29.215365,2.096081,294.895705,0.000000,0.000000,true
4096,4096,11,box,cuda_shared_constant_filter,"NVIDIA GeForce GTX 1650 with Max-Q Design",32,8,3,4060086272,1936.989533,1921.539900,1960.286600,16.763320,7.186667,6.848000,7.736416,0.392205,59.536667,59.198000,60.086416,0.392205,1.058900,24.008400,25.445900,1.836800,269.525446,32.534397,2.096081,564.947071,0.000000,0.000000,true
4096,4096,11,box,cuda_separable,"NVIDIA GeForce GTX 1650 with Max-Q Design",32,8,3,738197504,1936.989533,1921.539900,1960.286600,16.763320,4.168832,4.122624,4.246912,0.055520,52.783632,52.737424,52.861712,0.055520,0.555100,22.527500,23.959700,1.572500,464.636028,36.696784,0.381106,177.075379,0.000000,0.000000,true
4096,4096,11,box,cuda_naive_global_memory,"NVIDIA GeForce GTX 1650 with Max-Q Design",32,16,3,4060086272,1936.989533,1921.539900,1960.286600,16.763320,14.133760,12.569440,15.977120,1.405102,62.302560,60.738240,64.145920,1.405102,0.342500,22.666200,23.987700,1.172400,137.047008,31.090047,2.096081,287.261580,0.000000,0.000000,true
4096,4096,11,box,cuda_shared_memory_tiled,"NVIDIA GeForce GTX 1650 with Max-Q Design",32,16,3,4060086272,1936.989533,1921.539900,1960.286600,16.763320,13.406261,12.163296,14.562912,0.981539,61.806061,60.563096,62.962712,0.981539,0.334800,23.166900,23.709600,1.188500,144.483948,31.339799,2.096081,302.850007,0.000000,0.000000,true
4096,4096,11,box,cuda_shared_constant_filter,"NVIDIA GeForce GTX 1650 with Max-Q Design",32,16,3,4060086272,1936.989533,1921.539900,1960.286600,16.763320,6.515733,6.481184,6.584352,0.048521,54.311133,54.276584,54.379752,0.048521,0.899200,20.998500,24.636300,1.261400,297.278819,35.664686,2.096081,623.120380,0.000000,0.000000,true
4096,4096,11,box,cuda_separable,"NVIDIA GeForce GTX 1650 with Max-Q Design",32,16,3,738197504,1936.989533,1921.539900,1960.286600,16.763320,4.770987,4.696864,4.917408,0.103538,60.106787,60.032664,60.253208,0.103538,0.803500,24.256500,27.103300,3.172500,405.993487,32.225804,0.381106,154.726380,0.000000,0.000000,true
4096,4096,11,gaussian,cuda_naive_global_memory,"NVIDIA GeForce GTX 1650 with Max-Q Design",8,8,3,4060086272,1939.956600,1917.014500,1971.539700,23.083176,47.425824,47.036705,47.792065,0.308798,183.059724,182.670605,183.425965,0.308798,0.441200,109.835600,24.182400,1.174700,40.905069,10.597397,2.092875,85.609187,0.000000,0.000000,true
4096,4096,11,gaussian,cuda_shared_memory_tiled,"NVIDIA GeForce GTX 1650 with Max-Q Design",8,8,3,4060086272,1939.956600,1917.014500,1971.539700,23.083176,19.842389,19.007488,20.330496,0.593176,69.247789,68.412888,69.735896,0.593176,0.725500,22.191600,24.808200,1.680100,97.768296,28.014708,2.092875,204.616802,0.000000,0.000000,true
4096,4096,11,gaussian,cuda_shared_constant_filter,"NVIDIA GeForce GTX 1650 with Max-Q Design",8,8,3,4060086272,1939.956600,1917.014500,1971.539700,23.083176,13.771520,13.046624,14.827264,0.763660,64.634920,63.910024,65.690664,0.763660,0.347200,23.358200,24.385000,2.773000,140.867283,30.014064,2.092875,294.817586,0.000000,0.000000,true
4096,4096,11,gaussian,cuda_separable,"NVIDIA GeForce GTX 1650 with Max-Q Design",8,8,3,738197504,1939.956600,1917.014500,1971.539700,23.083176,5.949877,5.914848,5.998560,0.035513,57.938077,57.903048,57.986760,0.035513,0.438600,24.285500,24.796500,2.467600,326.049852,33.483275,0.380523,124.069367,0.000000,0.000000,true
4096,4096,11,gaussian,cuda_naive_global_memory,"NVIDIA GeForce GTX 1650 with Max-Q Design",16,16,3,4060086272,1939.956600,1917.014500,1971.539700,23.083176,19.349867,17.997761,20.389889,1.001205,69.547067,68.194961,70.587089,1.001205,0.360700,24.541300,24.149100,1.146100,100.256845,27.894154,2.092875,209.825024,0.000000,0.000000,true
4096,4096,11,gaussian,cuda_shared_memory_tiled,"NVIDIA GeForce GTX 1650 with Max-Q Design",16,16,3,4060086272,1939.956600,1917.014500,1971.539700,23.083176,17.935829,16.688032,18.918688,0.929731,69.185829,67.938032,70.168688,0.929731,0.775400,23.817500,24.514500,2.142600,108.160966,28.039797,2.092875,226.367359,0.000000,0.000000,true
4096,4096,11,gaussian,cuda_shared_constant_filter,"NVIDIA GeForce GTX 1650 with Max-Q Design",16,16,3,4060086272,1939.956600,1917.014500,1971.539700,23.083176,12.142496,11.640832,12.968512,0.588550,63.607196,63.105532,64.433212,0.588550,0.351900,22.120900,27.914900,1.077000,159.765886,30.499012,2.092875,334.369996,0.000000,0.000000,true
4096,4096,11,gaussian,cuda_separable,"NVIDIA GeForce GTX 1650 with Max-Q Design",16,16,3,738197504,1939.956600,1917.014500,1971.539700,23.083176,4.532437,4.455168,4.594592,0.057914,57.396737,57.319468,57.458892,0.057914,0.431100,24.745600,25.118100,2.569500,428.016200,33.799074,0.380523,162.869876,0.000000,0.000000,true
4096,4096,11,gaussian,cuda_naive_global_memory,"NVIDIA GeForce GTX 1650 with Max-Q Design",32,8,3,4060086272,1939.956600,1917.014500,1971.539700,23.083176,14.015019,12.204032,15.934656,1.524957,67.044419,65.233432,68.964056,1.524957,0.324700,24.605800,25.954600,2.144300,138.419836,28.935393,2.092875,289.695386,0.000000,0.000000,true
4096,4096,11,gaussian,cuda_shared_memory_tiled,"NVIDIA GeForce GTX 1650 with Max-Q Design",32,8,3,4060086272,1939.956600,1917.014500,1971.539700,23.083176,13.415531,12.365696,14.704064,0.969441,68.759431,67.709596,70.047964,0.969441,1.163600,25.158600,26.912300,2.109400,144.605280,28.213680,2.092875,302.640747,0.000000,0.000000,true
4096,4096,11,gaussian,cuda_shared_constant_filter,"NVIDIA GeForce GTX 1650 with Max-Q Design",32,8,3,4060086272,1939.956600,1917.014500,1971.539700,23.083176,6.863680,6.791552,6.989120,0.089031,56.188280,56.116152,56.313720,0.089031,1.017100,21.155900,26.010700,1.140900,282.640885,34.526001,2.092875,591.531984,0.000000,0.000000,true
4096,4096,11,gaussian,cuda_separable,"NVIDIA GeForce GTX 1650 with Max-Q Design",32,8,3,738197504,1939.956600,1917.014500,1971.539700,23.083176,4.157952,4.117152,4.218880,0.043901,54.776152,54.735352,54.837080,0.043901,0.437600,23.890600,24.662400,1.627600,466.565398,35.416080,0.380523,177.538720,0.000000,0.000000,true
4096,4096,11,gaussian,cuda_naive_global_memory,"NVIDIA GeForce GTX 1650 with Max-Q Design",32,16,3,4060086272,1939.956600,1917.014500,1971.539700,23.083176,14.659349,12.958592,16.469215,1.435281,64.089649,62.388892,65.899515,1.435281,0.747100,21.647000,24.890300,2.145900,132.335794,30.269421,2.092875,276.962247,0.000000,0.000000,true
4096,4096,11,gaussian,cuda_shared_memory_tiled,"NVIDIA GeForce GTX 1650 with Max-Q Design",32,16,3,4060086272,1939.956600,1917.014500,1971.539700,23.083176,12.942101,12.224224,14.348896,0.994824,60.044501,59.326624,61.451296,0.994824,0.649500,20.731500,24.435900,1.285500,149.895023,32.308647,2.092875,313.711516,0.000000,0.000000,true
4096,4096,11,gaussian,cuda_shared_constant_filter,"NVIDIA GeForce GTX 1650 with Max-Q Design",32,16,3,4060086272,1939.956600,1917.014500,1971.539700,23.083176,6.496747,6.488384,6.509664,0.009265,57.598747,57.590384,57.611664,0.009265,0.325000,23.708000,25.361600,1.707400,298.604323,33.680535,2.092875,624.941461,0.000000,0.000000,true
4096,4096,11,gaussian,cuda_separable,"NVIDIA GeForce GTX 1650 with Max-Q Design",32,16,3,738197504,1939.956600,1917.014500,1971.539700,23.083176,4.741803,4.715456,4.769888,0.022256,62.330803,62.304456,62.358888,0.022256,0.501300,24.759500,28.010200,4.318000,409.117951,31.123562,0.380523,155.678663,0.000000,0.000000,true
4096,4096,11,sharpen,cuda_naive_global_memory,"NVIDIA GeForce GTX 1650 with Max-Q Design",8,8,3,4060086272,2035.908167,1974.611600,2133.471300,69.740227,59.119637,47.429630,82.186302,16.311097,195.831337,184.141330,218.898002,16.311097,0.424100,110.256700,24.529600,1.501300,34.437089,10.396233,1.994238,68.675765,0.000001,0.000000,true
4096,4096,11,sharpen,cuda_shared_memory_tiled,"NVIDIA GeForce GTX 1650 with Max-Q Design",8,8,3,4060086272,2035.908167,1974.611600,2133.471300,69.740227,19.414368,18.622463,19.993856,0.579667,67.982568,67.190663,68.562056,0.579667,0.471500,22.100200,24.740400,1.256100,104.866056,29.947503,1.994238,209.127917,0.000001,0.000000,true
4096,4096,11,sharpen,cuda_shared_constant_filter,"NVIDIA GeForce GTX 1650 with Max-Q Design",8,8,3,4060086272,2035.908167,1974.611600,2133.471300,69.740227,13.495392,12.787712,14.680064,0.842967,61.502592,60.794912,62.687264,0.842967,0.348600,22.501500,23.919600,1.237500,150.859504,33.102803,1.994238,300.849818,0.000001,0.000000,true
4096,4096,11,sharpen,cuda_naive_global_memory,"NVIDIA GeForce GTX 1650 with Max-Q Design",16,16,3,4060086272,2035.908167,1974.611600,2133.471300,69.740227,18.950059,16.879776,20.586496,1.544044,68.650759,66.580476,70.287196,1.544044,0.739300,23.916700,23.957200,1.087500,107.435455,29.656018,1.994238,214.251911,0.000001,0.000000,true
4096,4096,11,sharpen,cuda_shared_memory_tiled,"NVIDIA GeForce GTX 1650 with Max-Q Design",16,16,3,4060086272,2035.908167,1974.611600,2133.471300,69.740227,17.723616,16.685728,18.593792,0.787939,70.840616,69.802728,71.710792,0.787939,2.631800,23.570800,25.490900,1.423500,114.869795,28.739278,1.994238,229.077757,0.000001,0.000000,true
4096,4096,11,sharpen,cuda_shared_constant_filter,"NVIDIA GeForce GTX 1650 with Max-Q Design",16,16,3,4060086272,2035.908167,1974.611600,2133.471300,69.740227,11.932768,11.556256,12.578784,0.458886,62.474668,62.098156,63.120684,0.458886,0.345300,23.520500,24.026200,2.649900,170.614910,32.587739,1.994238,340.246807,0.000001,0.000000,true
4096,4096,11,sharpen,cuda_naive_global_memory,"NVIDIA GeForce GTX 1650 with Max-Q Design",32,8,3,4060086272,2035.908167,1974.611600,2133.471300,69.740227,14.324224,12.188096,16.045280,1.601808,63.990724,61.854596,65.711780,1.601808,0.445100,21.063600,25.226100,2.931700,142.130432,31.815676,1.994238,283.441967,0.000001,0.000000,true
4096,4096,11,sharpen,cuda_shared_memory_tiled,"NVIDIA GeForce GTX 1650 with Max-Q Design",32,8,3,4060086272,2035.908167,1974.611600,2133.471300,69.740227,13.199605,12.515136,14.293376,0.781528,61.082405,60.397936,62.176176,0.781528,0.348300,22.467400,24.077900,0.989200,154.240079,33.330517,1.994238,307.591491,0.000001,0.000000,true
4096,4096,11,sharpen,cuda_shared_constant_filter,"NVIDIA GeForce GTX 1650 with Max-Q Design",32,8,3,4060086272,2035.908167,1974.611600,2133.471300,69.740227,7.164875,7.133184,7.197408,0.026226,58.238575,58.206884,58.271108,0.026226,0.354800,23.833900,25.814000,1.071000,284.151259,34.958070,1.994238,566.665355,0.000001,0.000000,true
4096,4096,11,sharpen,cuda_naive_global_memory,"NVIDIA GeForce GTX 1650 with Max-Q Design",32,16,3,4060086272,2035.908167,1974.611600,2133.471300,69.740227,13.843126,12.675328,15.290464,1.085769,64.748326,63.580528,66.195664,1.085769,1.763100,24.125700,23.864000,1.152400,147.069977,31.443410,1.994238,293.292597,0.000001,0.000000,true
4096,4096,11,sharpen,cuda_shared_memory_tiled,"NVIDIA GeForce GTX 1650 with Max-Q Design",32,16,3,4060086272,2035.908167,1974.611600,2133.471300,69.740227,13.288981,12.156928,14.295456,0.877555,61.488681,60.356628,62.495156,0.877555,0.966000,22.197600,24.116900,0.919200,153.202725,33.110292,1.994238,305.522759,0.000001,0.000000,true
4096,4096,11,sharpen,cuda_shared_constant_filter,"NVIDIA GeForce GTX 1650 with Max-Q Design",32,16,3,4060086272,2035.908167,1974.611600,2133.471300,69.740227,6.533653,6.475584,6.607872,0.055200,62.236153,62.178084,62.310372,0.055200,1.354800,24.044200,29.221100,1.082400,311.603331,32.712629,1.994238,621.411332,0.000001,0.000000,true
4096,4096,11,sobel,cuda_naive_global_memory,"NVIDIA GeForce GTX 1650 with Max-Q Design",8,8,3,4060086272,1966.356333,1913.716100,2041.661800,54.637046,47.436064,47.027199,47.820801,0.324436,186.551664,186.142799,186.936401,0.324436,0.972800,109.827300,26.302400,2.013100,41.452771,10.540546,2.064776,85.590707,0.000000,0.000000,true
4096,4096,11,sobel,cuda_shared_memory_tiled,"NVIDIA GeForce GTX 1650 with Max-Q Design",8,8,3,4060086272,1966.356333,1913.716100,2041.661800,54.637046,19.434539,18.287231,20.220287,0.829546,69.018639,67.871331,69.804387,0.829546,0.324900,22.101900,25.758400,1.398900,101.178442,28.490222,2.064776,208.910866,0.000000,0.000000,true
4096,4096,11,sobel,cuda_shared_constant_filter,"NVIDIA GeForce GTX 1650 with Max-Q Design",8,8,3,4060086272,1966.356333,1913.716100,2041.661800,54.637046,14.046923,12.788512,14.922592,0.912302,63.444623,62.186212,64.320292,0.912302,0.342100,22.474000,24.568200,2.013400,139.984848,30.993270,2.064776,289.037419,0.000000,0.000000,true
4096,4096,11,sobel,cuda_naive_global_memory,"NVIDIA GeForce GTX 1650 with Max-Q Design",16,16,3,4060086272,1966.356333,1913.716100,2041.661800,54.637046,18.937824,17.447296,20.107489,1.109466,70.380724,68.890196,71.550389,1.109466,0.341600,25.522900,24.308400,1.270000,103.832220,27.938848,2.064776,214.390324,0.000000,0.000000,true
4096,4096,11,sobel,cuda_shared_memory_tiled,"NVIDIA GeForce GTX 1650 with Max-Q Design",16,16,3,4060086272,1966.356333,1913.716100,2041.661800,54.637046,17.843979,16.795649,18.687424,0.785785,68.771279,67.722949,69.614724,0.785785,0.669500,23.520200,24.548400,2.189200,110.197190,28.592697,2.064776,227.532564,0.000000,0.000000,true
4096,4096,11,sobel,cuda_shared_constant_filter,"NVIDIA GeForce GTX 1650 with Max-Q Design",16,16,3,4060086272,1966.356333,1913.716100,2041.661800,54.637046,12.205386,11.468800,13.072288,0.661075,62.237086,61.500500,63.103988,0.661075,0.390100,23.001500,24.943100,1.697000,161.105618,31.594608,2.064776,332.647088,0.000000,0.000000,true
4096,4096,11,sobel,cuda_naive_global_memory,"NVIDIA GeForce GTX 1650 with Max-Q Design",32,8,3,4060086272,1966.356333,1913.716100,2041.661800,54.637046,13.423083,12.198592,14.969600,1.153949,60.677983,59.453492,62.224500,1.153949,1.176200,20.110400,24.284300,1.684000,146.490667,32.406422,2.064776,302.470481,0.000000,0.000000,true
4096,4096,11,sobel,cuda_shared_memory_tiled,"NVIDIA GeForce GTX 1650 with Max-Q Design",32,8,3,4060086272,1966.356333,1913.716100,2041.661800,54.637046,13.505600,12.321536,14.512128,0.903073,67.374800,66.190736,68.381328,0.903073,0.370500,23.888600,26.667600,2.942500,145.595630,29.185338,2.064776,300.622429,0.000000,0.000000,true
4096,4096,11,sobel,cuda_shared_constant_filter,"NVIDIA GeForce GTX 1650 with Max-Q Design",32,8,3,4060086272,1966.356333,1913.716100,2041.661800,54.637046,6.989451,6.801408,7.360832,0.262613,53.701851,53.513808,54.073232,0.262613,0.487200,21.324900,23.904800,0.995500,281.332031,36.616175,2.064776,580.887754,0.000000,0.000000,true
4096,4096,11,sobel,cuda_naive_global_memory,"NVIDIA GeForce GTX 1650 with Max-Q Design",32,16,3,4060086272,1966.356333,1913.716100,2041.661800,54.637046,14.387744,12.592032,16.114208,1.438756,63.838144,62.042432,65.564608,1.438756,0.759600,23.016000,24.468100,1.206700,136.668841,30.802216,2.064776,282.190606,0.000000,0.000000,true
4096,4096,11,sobel,cuda_shared_memory_tiled,"NVIDIA GeForce GTX 1650 with Max-Q Design",32,16,3,4060086272,1966.356333,1913.716100,2041.661800,54.637046,13.451968,12.160512,14.404160,0.946859,62.370768,61.079312,63.322960,0.946859,1.115100,20.292200,24.596000,2.915500,146.176110,31.526890,2.064776,301.820991,0.000000,0.000000,true
4096,4096,11,sobel,cuda_shared_constant_filter,"NVIDIA GeForce GTX 1650 with Max-Q Design",32,16,3,4060086272,1966.356333,1913.716100,2041.661800,54.637046,6.617301,6.479680,6.801248,0.135305,56.648401,56.510780,56.832348,0.135305,0.459400,22.729700,25.709600,1.132400,297.153816,34.711594,2.064776,613.556204,0.000000,0.000000,true
